enzyme,treatment,mean_rate,sd_rate,n
AChE,mandarin,0.1175634896617402,0.0433644613676752,11
BChE,mandarin,0.0111502367445195,0.0086490288029642,11
